<ImportExportXml version="9.2.24013.164" SolutionPackageVersion="9.2" languagecode="1033" generatedBy="CrmLive" xmlns:xsi="http://www.w3.org/2001/XMLSchema-instance">
  <SolutionManifest>
    <UniqueName>Travel</UniqueName>
    <LocalizedNames>
      <LocalizedName description="Travel" languagecode="1033" />
    </LocalizedNames>
    <Descriptions />
    <Version>1.0.0.1</Version>
    <Managed>0</Managed>
    <Publisher>
      <UniqueName>Ram</UniqueName>
      <LocalizedNames>
        <LocalizedName description="Ram" languagecode="1033" />
      </LocalizedNames>
      <Descriptions />
      <EMailAddress xsi:nil="true"></EMailAddress>
      <SupportingWebsiteUrl xsi:nil="true"></SupportingWebsiteUrl>
      <CustomizationPrefix>tr</CustomizationPrefix>
      <CustomizationOptionValuePrefix>20000</CustomizationOptionValuePrefix>
      <Addresses>
        <Address>
          <AddressNumber>1</AddressNumber>
          <AddressTypeCode>1</AddressTypeCode>
          <City xsi:nil="true"></City>
          <County xsi:nil="true"></County>
          <Country xsi:nil="true"></Country>
          <Fax xsi:nil="true"></Fax>
          <FreightTermsCode xsi:nil="true"></FreightTermsCode>
          <ImportSequenceNumber xsi:nil="true"></ImportSequenceNumber>
          <Latitude xsi:nil="true"></Latitude>
          <Line1 xsi:nil="true"></Line1>
          <Line2 xsi:nil="true"></Line2>
          <Line3 xsi:nil="true"></Line3>
          <Longitude xsi:nil="true"></Longitude>
          <Name xsi:nil="true"></Name>
          <PostalCode xsi:nil="true"></PostalCode>
          <PostOfficeBox xsi:nil="true"></PostOfficeBox>
          <PrimaryContactName xsi:nil="true"></PrimaryContactName>
          <ShippingMethodCode>1</ShippingMethodCode>
          <StateOrProvince xsi:nil="true"></StateOrProvince>
          <Telephone1 xsi:nil="true"></Telephone1>
          <Telephone2 xsi:nil="true"></Telephone2>
          <Telephone3 xsi:nil="true"></Telephone3>
          <TimeZoneRuleVersionNumber xsi:nil="true"></TimeZoneRuleVersionNumber>
          <UPSZone xsi:nil="true"></UPSZone>
          <UTCOffset xsi:nil="true"></UTCOffset>
          <UTCConversionTimeZoneCode xsi:nil="true"></UTCConversionTimeZoneCode>
        </Address>
        <Address>
          <AddressNumber>2</AddressNumber>
          <AddressTypeCode>1</AddressTypeCode>
          <City xsi:nil="true"></City>
          <County xsi:nil="true"></County>
          <Country xsi:nil="true"></Country>
          <Fax xsi:nil="true"></Fax>
          <FreightTermsCode xsi:nil="true"></FreightTermsCode>
          <ImportSequenceNumber xsi:nil="true"></ImportSequenceNumber>
          <Latitude xsi:nil="true"></Latitude>
          <Line1 xsi:nil="true"></Line1>
          <Line2 xsi:nil="true"></Line2>
          <Line3 xsi:nil="true"></Line3>
          <Longitude xsi:nil="true"></Longitude>
          <Name xsi:nil="true"></Name>
          <PostalCode xsi:nil="true"></PostalCode>
          <PostOfficeBox xsi:nil="true"></PostOfficeBox>
          <PrimaryContactName xsi:nil="true"></PrimaryContactName>
          <ShippingMethodCode>1</ShippingMethodCode>
          <StateOrProvince xsi:nil="true"></StateOrProvince>
          <Telephone1 xsi:nil="true"></Telephone1>
          <Telephone2 xsi:nil="true"></Telephone2>
          <Telephone3 xsi:nil="true"></Telephone3>
          <TimeZoneRuleVersionNumber xsi:nil="true"></TimeZoneRuleVersionNumber>
          <UPSZone xsi:nil="true"></UPSZone>
          <UTCOffset xsi:nil="true"></UTCOffset>
          <UTCConversionTimeZoneCode xsi:nil="true"></UTCConversionTimeZoneCode>
        </Address>
      </Addresses>
    </Publisher>
    <RootComponents>
      <RootComponent type="1" schemaName="account" behavior="1" />
      <RootComponent type="1" schemaName="contact" behavior="1" />
      <RootComponent type="1" schemaName="phonecall" behavior="2" />
      <RootComponent type="1" schemaName="syncerror" behavior="2" />
      <RootComponent type="1" schemaName="tr_bookinginvoice" behavior="0" />
      <RootComponent type="1" schemaName="tr_bookings" behavior="0" />
      <RootComponent type="1" schemaName="tr_country" behavior="0" />
      <RootComponent type="1" schemaName="tr_discounts" behavior="0" />
      <RootComponent type="1" schemaName="tr_flights" behavior="0" />
      <RootComponent type="1" schemaName="tr_hotels" behavior="0" />
      <RootComponent type="1" schemaName="tr_package" behavior="0" />
      <RootComponent type="1" schemaName="tr_places" behavior="0" />
      <RootComponent type="61" schemaName="tr_bookinCost" behavior="0" />
      <RootComponent type="61" schemaName="tr_bookingscripts" behavior="0" />
      <RootComponent type="61" schemaName="tr_costBookingNew" behavior="0" />
      <RootComponent type="61" schemaName="tr_hotelscripts" behavior="0" />
      <RootComponent type="61" schemaName="tr_quickViewCost" behavior="0" />
      <RootComponent type="61" schemaName="tr_quickViewCost2" behavior="0" />
      <RootComponent type="62" schemaName="tr_HotelsData" behavior="0" />
      <RootComponent type="80" schemaName="tr_HotelsData" behavior="0" />
      <RootComponent type="431" schemaName="tr_places tr_pictures" behavior="0" />
      <RootComponent type="432" schemaName="tr_places" behavior="0" />
    </RootComponents>
    <MissingDependencies>
      <MissingDependency>
        <Required type="1" schemaName="invoice" displayName="Invoice" solution="msdynce_Sales (9.0.4.0076)" />
        <Dependent type="1" schemaName="tr_bookings" displayName="Bookings" />
      </MissingDependency>
      <MissingDependency>
        <Required type="1" schemaName="invoice" displayName="Invoice" solution="msdynce_Sales (9.0.4.0076)" />
        <Dependent type="1" schemaName="tr_discounts" displayName="Discounts" />
      </MissingDependency>
      <MissingDependency>
        <Required type="1" schemaName="invoice" displayName="Invoice" solution="msdynce_Sales (9.0.4.0076)" />
        <Dependent type="1" schemaName="tr_package" displayName="Package" />
      </MissingDependency>
      <MissingDependency>
        <Required type="1" schemaName="invoice" displayName="Invoice" solution="msdynce_Sales (9.0.4.0076)" />
        <Dependent type="80" schemaName="tr_HotelsData" displayName="HotelsData" />
      </MissingDependency>
      <MissingDependency>
        <Required type="1" schemaName="package" displayName="Package" solution="msdyn_SolutionPackageMapping (9.0.0.4)" />
        <Dependent type="80" schemaName="tr_HotelsData" displayName="HotelsData" />
      </MissingDependency>
      <MissingDependency>
        <Required type="2" schemaName="adx_createdbyusername" displayName="Created By (User Name)" parentSchemaName="account" parentDisplayName="Account" solution="PowerPages_RuntimeCoreDependencies (1.0.2305.1)">
          <package>PowerPages_Core (1.0.2401.75)</package>
        </Required>
        <Dependent type="2" schemaName="adx_createdbyusername" displayName="Created By (User Name)" parentSchemaName="account" parentDisplayName="Account" />
      </MissingDependency>
      <MissingDependency>
        <Required type="61" schemaName="msdyn_/Images/AppModule_Default_Icon.png" displayName="msdyn_/Images/AppModule_Default_Icon.png" solution="AppModuleWebResources (2.5)" />
        <Dependent type="80" schemaName="tr_HotelsData" displayName="HotelsData" />
      </MissingDependency>
      <MissingDependency>
        <Required type="SettingDefinition" displayName="AppChannel" solution="msdyn_AppFrameworkInfraExtensions (1.0.0.6)" id.uniquename="AppChannel" />
        <Dependent type="AppSetting" displayName="parentappmoduleid.uniquename=tr_HotelsData,settingdefinitionid.uniquename=AppChannel" id.parentappmoduleid.uniquename="tr_HotelsData" id.settingdefinitionid.uniquename="AppChannel" />
      </MissingDependency>
    </MissingDependencies>
  </SolutionManifest>
</ImportExportXml>