<duplicaterule uniquename="dr9631a7435e9b83de1076f434f8e2e0280085018a072bb0df55e1240cbd21cfd1">
  <baseentityname>account</baseentityname>
  <description>Detects account records that have the same value in the Account Name attribute.</description>
  <excludeinactiverecords>0</excludeinactiverecords>
  <iscasesensitive>0</iscasesensitive>
  <iscustomizable>1</iscustomizable>
  <matchingentityname>account</matchingentityname>
  <name>Accounts with the same Account Name</name>
  <duplicateruleconditions>
    <duplicaterulecondition baseattributename="name" matchingattributename="name" operatorcode="0" uniquerulename="dr9631a7435e9b83de1076f434f8e2e0280085018a072bb0df55e1240cbd21cfd1">
      <ignoreblankvalues>0</ignoreblankvalues>
      <iscustomizable>1</iscustomizable>
    </duplicaterulecondition>
  </duplicateruleconditions>
</duplicaterule>